<?xml version="1.0" encoding="UTF-8" ?>
<!DOCTYPE mapper 
PUBLIC "-//mybatis.org//DTD Mapper 3.0//EN"   
"http://mybatis.org/dtd/mybatis-3-mapper.dtd">
<mapper namespace="ssafy.employees"> 

<!-- <resultMap type="com.ssafy.edu.model.Book" id="books">
<result column="ISBN" property="isbn"/>
<result column="TITLE" property="title"/>
<result column="CATALOGUE" property="catalogue"/>
<result column="NATION" property="nation"/>
<result column="AUTHOR" property="author"/>
<result column="PUBLISH_DATE" property="publishDate"/>
<result column="PUBLISHER" property="publisher"/>

<result column="CURRENCY" property="currency"/>
<result column="PRICE" property="price"/>
<result column="DESCRIPTION" property="description"/>
</resultMap> -->

    <select id="getEmpList"    resultType="employee" >
		SELECT E.EMPLOYEE_ID, E.FIRST_NAME, E.LAST_NAME, E.EMAIL, 
		E.PHONE_NUMBER, E.HIRE_DATE, E.JOB_ID, E.SALARY,
		E.COMMISSION_PCT, E.MANAGER_ID, D.DEPARTMENT_ID,
		D.DEPARTMENT_NAME FROM EMPLOYEES E JOIN  DEPARTMENTS D
		ON E.DEPARTMENT_ID=D.DEPARTMENT_ID
		ORDER BY E.EMPLOYEE_ID 
	</select>
	 <select id="getEmp"  parameterType="java.lang.Integer" 
	  resultType="employee" >
		SELECT E.EMPLOYEE_ID, E.FIRST_NAME, E.LAST_NAME, E.EMAIL, 
		E.PHONE_NUMBER, E.HIRE_DATE, E.JOB_ID, J.JOB_TITLE, E.SALARY,
		E.COMMISSION_PCT, E.MANAGER_ID, D.DEPARTMENT_ID,
		D.DEPARTMENT_NAME FROM EMPLOYEES E JOIN  DEPARTMENTS D
		ON E.DEPARTMENT_ID=D.DEPARTMENT_ID JOIN JOBS J 
		ON E.JOB_ID=J.JOB_ID
		WHERE E.EMPLOYEE_ID=#{employee_id}
	</select>
	<select id="getAllDeps"    resultType="com.ssafy.edu.model.Deps" >
		select department_id, department_name from departments
	</select>
	<select id="getAllManagers"    resultType="com.ssafy.edu.model.Employees" >
		select EMPLOYEE_ID, first_name, last_name from  employees
	</select>
	<select id="getAllJobs"    resultType="com.ssafy.edu.model.Jobs" >
		select job_id, job_title  from jobs
	</select>
	
	
</mapper>
