<?xml version="1.0" encoding="UTF-8"?>

<beans xmlns="http://www.springframework.org/schema/beans" xmlns:xsi="http://www.w3.org/2001/XMLSchema-instance"
	xmlns:mvc="http://www.springframework.org/schema/mvc" xmlns:context="http://www.springframework.org/schema/context"
	xsi:schemaLocation="http://www.springframework.org/schema/mvc http://www.springframework.org/schema/mvc/spring-mvc.xsd
		http://www.springframework.org/schema/beans http://www.springframework.org/schema/beans/spring-beans.xsd
		http://www.springframework.org/schema/context http://www.springframework.org/schema/context/spring-context.xsd">

    <context:component-scan base-package="com.ssafy.edu.controller"/> 
	
	<mvc:resources location="/resources/" 	mapping="/**"/>
	<context:annotation-config />	
<!-- Handles HTTP GET requests for /resources/** by efficiently serving up static resources in the ${webappRoot}/resources directory -->
<!--     <mvc:resources mapping="/resources/**" location="/resources/" />
	<mvc:resources location="/WEB-INF/views/css/" mapping="/css/**"/> -->
    <mvc:annotation-driven />
    
    <!-- 파일 처리를 위한  Resolver-->
    <bean  	id="multipartResolver"  
	class="org.springframework.web.multipart.commons.CommonsMultipartResolver"/>
    
    
	<bean class="org.springframework.web.servlet.view.InternalResourceViewResolver">
        <property name="prefix" value="/WEB-INF/views/" />
		<property name="suffix" value=".jsp" />
	</bean>
	
</beans>



